FILE,MD5SUM,TIMESTAMP
/home/wyatt/Desktop/csec620-project/PECompact/1c580fa4c9b4cbd4b2ab425a4694a2ec895badfa4c9fc771eedca4632eefb549,cfb2afa1c5c5bd4beeaf6b063f2e296c,2021-12-10 20:19:57
DECIMAL,HEXADECIMAL,ENTROPY
0,0,0.565630
3072,3072,0.624801
6144,6144,0.343760
9216,9216,0.658417
12288,12288,0.514717
15360,15360,0.609612
18432,18432,0.667514
21504,21504,0.614757
24576,24576,0.665339
27648,27648,0.640645
30720,30720,0.613074
33792,33792,0.629049
36864,36864,0.596987
39936,39936,0.618196
43008,43008,0.661608
46080,46080,0.652656
49152,49152,0.629873
52224,52224,0.628283
55296,55296,0.634098
58368,58368,0.633720
61440,61440,0.630974
64512,64512,0.631260
67584,67584,0.629588
70656,70656,0.627261
73728,73728,0.579961
76800,76800,0.591182
79872,79872,0.650344
82944,82944,0.712262
86016,86016,0.576251
89088,89088,0.603203
92160,92160,0.638360
95232,95232,0.577845
98304,98304,0.577482
101376,101376,0.699229
104448,104448,0.051081
107520,107520,0.000000
110592,110592,0.000000
113664,113664,0.312271
116736,116736,0.553680
119808,119808,0.635827
122880,122880,0.351802
125952,125952,0.486798
129024,129024,0.347166
132096,132096,0.472800
135168,135168,0.491090
138240,138240,0.358487
141312,141312,0.970828
144384,144384,0.975043
147456,147456,0.644520
150528,150528,0.990998
153600,153600,0.943819
156672,156672,0.950500
159744,159744,0.794973
162816,162816,0.953679
165888,165888,0.986131
168960,168960,0.988467
172032,172032,0.991200
175104,175104,0.989348
178176,178176,0.865647
181248,181248,0.874204
184320,184320,0.713180
187392,187392,0.486965
190464,190464,0.270472
193536,193536,0.286763
196608,196608,0.411131
199680,199680,0.577065
202752,202752,0.581270
205824,205824,0.599250
208896,208896,0.566754
211968,211968,0.579202
215040,215040,0.580170
218112,218112,0.601837
221184,221184,0.574133
224256,224256,0.589391
227328,227328,0.585649
230400,230400,0.580164
233472,233472,0.578355
236544,236544,0.574348
239616,239616,0.576294
242688,242688,0.591880
245760,245760,0.585395
248832,248832,0.602129
251904,251904,0.566302
254976,254976,0.608208
258048,258048,0.575064
261120,261120,0.724422
264192,264192,0.789967
267264,267264,0.792709
270336,270336,0.793076
273408,273408,0.797952
276480,276480,0.634520
279552,279552,0.641534
282624,282624,0.625061
285696,285696,0.605540
288768,288768,0.634896
291840,291840,0.642976
294912,294912,0.641915
297984,297984,0.634086
301056,301056,0.636887
304128,304128,0.618347
307200,307200,0.633575
310272,310272,0.615081
313344,313344,0.622082
316416,316416,0.581500
319488,319488,0.629205
322560,322560,0.594269
325632,325632,0.573792
328704,328704,0.577072
331776,331776,0.574309
334848,334848,0.623999
337920,337920,0.613492
340992,340992,0.629070
344064,344064,0.992980
347136,347136,0.992909
350208,350208,0.991423
353280,353280,0.992862
356352,356352,0.991946
359424,359424,0.993474
362496,362496,0.991234
365568,365568,0.845445
368640,368640,0.972267
371712,371712,0.974892
374784,374784,0.641516
377856,377856,0.991822
380928,380928,0.908718
384000,384000,0.977860
387072,387072,0.797414
390144,390144,0.952953
393216,393216,0.985184
396288,396288,0.987724
399360,399360,0.991011
402432,402432,0.980896
405504,405504,0.876311
408576,408576,0.872592
411648,411648,0.689792
414720,414720,0.411339
417792,417792,0.381201
420864,420864,0.169775
423936,423936,0.455533
427008,427008,0.585177
430080,430080,0.577454
433152,433152,0.599130
436224,436224,0.557682
439296,439296,0.588619
442368,442368,0.579591
445440,445440,0.598606
448512,448512,0.583943
451584,451584,0.578343
454656,454656,0.591271
457728,457728,0.569350
460800,460800,0.588519
463872,463872,0.571918
466944,466944,0.575626
470016,470016,0.594611
473088,473088,0.577349
476160,476160,0.601814
479232,479232,0.559850
482304,482304,0.608589
485376,485376,0.574653
488448,488448,0.743727
491520,491520,0.784421
494592,494592,0.792709
497664,497664,0.793069
500736,500736,0.771120
503808,503808,0.667034
506880,506880,0.637192
509952,509952,0.618948
513024,513024,0.609927
516096,516096,0.638201
519168,519168,0.642167
522240,522240,0.644059
525312,525312,0.629270
528384,528384,0.643248
531456,531456,0.616106
534528,534528,0.631493
537600,537600,0.614471
540672,540672,0.625131
543744,543744,0.579291
546816,546816,0.631766
549888,549888,0.589318
552960,552960,0.569089
556032,556032,0.578461
559104,559104,0.577628
562176,562176,0.623405
565248,565248,0.616823
568320,568320,0.775087
571392,571392,0.432186
574464,574464,0.448488
577536,577536,0.485383
580608,580608,0.466506
583680,583680,0.503983
586752,586752,0.496091
589824,589824,0.501932
592896,592896,0.482245
595968,595968,0.513614
599040,599040,0.495166
602112,602112,0.520878
605184,605184,0.528473
608256,608256,0.539993
611328,611328,0.563783
614400,614400,0.497792
617472,617472,0.466403
620544,620544,0.478445
623616,623616,0.512397
626688,626688,0.527675
629760,629760,0.462690
632832,632832,0.434587
635904,635904,0.455253
638976,638976,0.424848
642048,642048,0.417454
645120,645120,0.370587
648192,648192,0.476379
651264,651264,0.434678
654336,654336,0.460323
657408,657408,0.417632
660480,660480,0.523332
663552,663552,0.212234
666624,666624,0.000000
669696,669696,0.000000
672768,672768,0.564459
675840,675840,0.993211
678912,678912,0.993547
681984,681984,0.991357
685056,685056,0.992734
688128,688128,0.991410
691200,691200,0.993854
694272,694272,0.991204
697344,697344,0.833122
700416,700416,0.977046
703488,703488,0.969921
706560,706560,0.665131
709632,709632,0.990652
712704,712704,0.882515
715776,715776,0.972742
718848,718848,0.845518
721920,721920,0.952304
724992,724992,0.987469
728064,728064,0.989240
731136,731136,0.988757
734208,734208,0.954501
737280,737280,0.877135
740352,740352,0.853431
743424,743424,0.705896
746496,746496,0.166835
749568,749568,0.515079
752640,752640,0.060472
755712,755712,0.534502
758784,758784,0.599874
761856,761856,0.574448
764928,764928,0.579491
768000,768000,0.569632
771072,771072,0.594855
774144,774144,0.591305
777216,777216,0.582811
780288,780288,0.597195
783360,783360,0.562093
786432,786432,0.592439
789504,789504,0.567885
792576,792576,0.592164
795648,795648,0.588694
798720,798720,0.565486
801792,801792,0.589935
804864,804864,0.576308
807936,807936,0.586978
811008,811008,0.561857
814080,814080,0.591314
817152,817152,0.584904
820224,820224,0.795725
823296,823296,0.790995
826368,826368,0.794015
829440,829440,0.792342
832512,832512,0.753007
835584,835584,0.646986
838656,838656,0.635256
841728,841728,0.602584
844800,844800,0.615375
847872,847872,0.643025
850944,850944,0.647355
854016,854016,0.646702
857088,857088,0.616430
860160,860160,0.649074
863232,863232,0.623907
866304,866304,0.623632
869376,869376,0.615610
872448,872448,0.621235
875520,875520,0.584505
878592,878592,0.633286
881664,881664,0.584761
884736,884736,0.560932
887808,887808,0.576912
890880,890880,0.588738
893952,893952,0.622115
897024,897024,0.620891
900096,900096,0.767697
903168,903168,0.992228
906240,906240,0.993139
909312,909312,0.992105
912384,912384,0.992556
915456,915456,0.991271
918528,918528,0.993624
921600,921600,0.991407
924672,924672,0.826537
927744,927744,0.978828
930816,930816,0.935016
933888,933888,0.734817
936960,936960,0.990501
940032,940032,0.882052
943104,943104,0.947524
946176,946176,0.878344
949248,949248,0.953405
952320,952320,0.987899
955392,955392,0.990230
958464,958464,0.988971
961536,961536,0.943901
964608,964608,0.876953
967680,967680,0.828640
970752,970752,0.733570
973824,973824,0.070062
976896,976896,0.527564
979968,979968,0.060472
983040,983040,0.557630
986112,986112,0.606025
989184,989184,0.568508
992256,992256,0.577492
995328,995328,0.575489
998400,998400,0.594706
1001472,1001472,0.591087
1004544,1004544,0.577245
1007616,1007616,0.599475
1010688,1010688,0.556825
1013760,1013760,0.596831
1016832,1016832,0.573337
1019904,1019904,0.589170
1022976,1022976,0.589447
1026048,1026048,0.563810
1029120,1029120,0.578084
1032192,1032192,0.582156
1035264,1035264,0.575571
1038336,1038336,0.570111
1041408,1041408,0.595845
1044480,1044480,0.585345
1047552,1047552,0.796555
1048576,1048576,0.785460
1051648,1051648,0.792530
1054720,1054720,0.792979
1057792,1057792,0.825912
1060864,1060864,0.679453
1063936,1063936,0.650744
1067008,1067008,0.634565
1070080,1070080,0.598900
1073152,1073152,0.623900
1076224,1076224,0.642810
1079296,1079296,0.643179
1082368,1082368,0.643249
1085440,1085440,0.619908
1088512,1088512,0.635436
1091584,1091584,0.632151
1094656,1094656,0.611324
1097728,1097728,0.619424
1100800,1100800,0.595148
1103872,1103872,0.621483
1106944,1106944,0.610276
1110016,1110016,0.580262
1113088,1113088,0.574061
1116160,1116160,0.565673
1119232,1119232,0.619109
1122304,1122304,0.608917
1125376,1125376,0.705754
1128448,1128448,0.567614
1131520,1131520,0.427675
1134592,1134592,0.474485
1137664,1137664,0.474217
1140736,1140736,0.491189
1143808,1143808,0.496970
1146880,1146880,0.491991
1149952,1149952,0.490452
1153024,1153024,0.504886
1156096,1156096,0.503096
1159168,1159168,0.512291
1162240,1162240,0.527048
1165312,1165312,0.532429
1168384,1168384,0.562017
1171456,1171456,0.522928
1174528,1174528,0.457468
1177600,1177600,0.479572
1180672,1180672,0.489340
1183744,1183744,0.521258
1186816,1186816,0.491165
1189888,1189888,0.433563
1192960,1192960,0.473097
1196032,1196032,0.415790
1199104,1199104,0.433643
1202176,1202176,0.353726
1205248,1205248,0.416582
1208320,1208320,0.490971
1211392,1211392,0.447955
1214464,1214464,0.432309
1217536,1217536,0.537736
1220608,1220608,0.375937
1223680,1223680,0.000000
1226752,1226752,0.000000
1229824,1229824,0.396272
1232896,1232896,0.991192
1235968,1235968,0.992323
1239040,1239040,0.992295
1242112,1242112,0.978433
1245184,1245184,0.988266
1248256,1248256,0.982469
1251328,1251328,0.987938
1254400,1254400,0.985303
1257472,1257472,0.989977
1260544,1260544,0.984310
1263616,1263616,0.986997
1266688,1266688,0.987330
1269760,1269760,0.982843
1272832,1272832,0.984906
1275904,1275904,0.990182
1278976,1278976,0.984234
1282048,1282048,0.981532
1285120,1285120,0.977466
1288192,1288192,0.991378
1291264,1291264,0.991837
1294336,1294336,0.989532
1297408,1297408,0.991806
1300480,1300480,0.991575
1303552,1303552,0.989663
1306624,1306624,0.985256
1309696,1309696,0.962644
1312768,1312768,0.987258
1315840,1315840,0.990764
1318912,1318912,0.991521
1321984,1321984,0.877732
1325056,1325056,0.990382
1328128,1328128,0.986514
1331200,1331200,0.987275
1334272,1334272,0.988590
1337344,1337344,0.890390
1340416,1340416,0.635965
1343488,1343488,0.644163
1346560,1346560,0.622425
1349632,1349632,0.651261
1352704,1352704,0.617103
1355776,1355776,0.613098
1358848,1358848,0.592965
1361920,1361920,0.590206
1364992,1364992,0.590919
1368064,1368064,0.559622
1371136,1371136,0.611676
1374208,1374208,0.609880
1377280,1377280,0.610800
1380352,1380352,0.631146
1383424,1383424,0.609336
1386496,1386496,0.618694
1389568,1389568,0.620467
1392640,1392640,0.609926
1395712,1395712,0.641940
1398784,1398784,0.626264
1401856,1401856,0.621132
1404928,1404928,0.598511
1408000,1408000,0.615092
1411072,1411072,0.619242
1414144,1414144,0.607039
1417216,1417216,0.622892
1420288,1420288,0.570836
1423360,1423360,0.606563
1426432,1426432,0.615693
1429504,1429504,0.624194
1432576,1432576,0.604523
1435648,1435648,0.577730
1438720,1438720,0.546131
1441792,1441792,0.573515
1444864,1444864,0.625255
1447936,1447936,0.616546
1451008,1451008,0.638441
1454080,1454080,0.596591
1457152,1457152,0.599448
1460224,1460224,0.587397
1463296,1463296,0.596491
1466368,1466368,0.581917
1469440,1469440,0.596358
1472512,1472512,0.577059
1475584,1475584,0.554014
1478656,1478656,0.596412
1481728,1481728,0.574063
1484800,1484800,0.586164
1487872,1487872,0.609984
1490944,1490944,0.545994
1494016,1494016,0.615092
1497088,1497088,0.574438
1500160,1500160,0.595083
1503232,1503232,0.608899
1506304,1506304,0.546672
1509376,1509376,0.572980
1512448,1512448,0.590999
1515520,1515520,0.592204
1518592,1518592,0.597407
1521664,1521664,0.598108
1524736,1524736,0.598748
1527808,1527808,0.577158
1530880,1530880,0.598210
1533952,1533952,0.594018
1537024,1537024,0.614852
1540096,1540096,0.587109
1543168,1543168,0.610981
1546240,1546240,0.597173
1549312,1549312,0.563456
1552384,1552384,0.577915
1555456,1555456,0.590240
1558528,1558528,0.587327
1561600,1561600,0.587667
1564672,1564672,0.605812
1567744,1567744,0.595675
1570816,1570816,0.595246
1573888,1573888,0.596836
1576960,1576960,0.593322
1580032,1580032,0.590406
1583104,1583104,0.577273
1586176,1586176,0.627993
1589248,1589248,0.632470
1592320,1592320,0.604641
1595392,1595392,0.603460
1598464,1598464,0.610677
1601536,1601536,0.618645
1604608,1604608,0.650647
1607680,1607680,0.605909
1610752,1610752,0.581708
1613824,1613824,0.565287
1616896,1616896,0.596877
1619968,1619968,0.610795
1623040,1623040,0.638659
1626112,1626112,0.611484
1629184,1629184,0.604164
1632256,1632256,0.602722
1635328,1635328,0.611998
1638400,1638400,0.574516
1641472,1641472,0.572951
1644544,1644544,0.546507
1647616,1647616,0.535094
1650688,1650688,0.547969
1653760,1653760,0.566210
1656832,1656832,0.549339
1659904,1659904,0.491233
1662976,1662976,0.536618
1666048,1666048,0.500683
1669120,1669120,0.397455
1672192,1672192,0.477579
1675264,1675264,0.542394
1678336,1678336,0.544206
1681408,1681408,0.538204
1684480,1684480,0.530546
1687552,1687552,0.558919
1690624,1690624,0.544260
1693696,1693696,0.585385
1696768,1696768,0.559927
1699840,1699840,0.512714
1702912,1702912,0.470596
1705984,1705984,0.473597
1709056,1709056,0.529020
1712128,1712128,0.621318
1715200,1715200,0.638751
1718272,1718272,0.584184
1721344,1721344,0.595486
1724416,1724416,0.643752
1727488,1727488,0.630114
1730560,1730560,0.604423
1733632,1733632,0.580115
1736704,1736704,0.604203
1739776,1739776,0.597196
1742848,1742848,0.616641
1745920,1745920,0.531111
1748992,1748992,0.604255
1752064,1752064,0.591515
1755136,1755136,0.530874
1758208,1758208,0.521978
1761280,1761280,0.566321
1764352,1764352,0.511075
1767424,1767424,0.565428
1770496,1770496,0.626506
1773568,1773568,0.662873
1776640,1776640,0.597694
1779712,1779712,0.617254
1782784,1782784,0.624901
1785856,1785856,0.631510
1788928,1788928,0.630146
1792000,1792000,0.613248
1795072,1795072,0.618723
1798144,1798144,0.615865
1801216,1801216,0.603849
1804288,1804288,0.594588
1807360,1807360,0.651761
1810432,1810432,0.637745
1813504,1813504,0.635460
1816576,1816576,0.582243
1819648,1819648,0.587320
1822720,1822720,0.624876
1825792,1825792,0.618115
1828864,1828864,0.615963
1831936,1831936,0.639332
1835008,1835008,0.637047
1838080,1838080,0.617185
1841152,1841152,0.632228
1844224,1844224,0.539239
1847296,1847296,0.554587
1850368,1850368,0.623928
1853440,1853440,0.540959
1856512,1856512,0.554423
1859584,1859584,0.632341
1862656,1862656,0.604741
1865728,1865728,0.522731
1868800,1868800,0.570966
1871872,1871872,0.502040
1874944,1874944,0.531107
1878016,1878016,0.508427
1881088,1881088,0.496049
1884160,1884160,0.525805
1887232,1887232,0.538129
1890304,1890304,0.505463
1893376,1893376,0.517089
1896448,1896448,0.526147
1899520,1899520,0.543666
1902592,1902592,0.544137
1905664,1905664,0.530595
1908736,1908736,0.535346
1911808,1911808,0.547044
1914880,1914880,0.519108
1917952,1917952,0.522271
1921024,1921024,0.531406
1924096,1924096,0.518000
1927168,1927168,0.534992
1930240,1930240,0.553283
1933312,1933312,0.505002
1936384,1936384,0.541590
1939456,1939456,0.543041
1942528,1942528,0.543609
1945600,1945600,0.560686
1948672,1948672,0.536214
1951744,1951744,0.530306
1954816,1954816,0.567935
1957888,1957888,0.553090
1960960,1960960,0.571856
1964032,1964032,0.520360
1967104,1967104,0.569060
1970176,1970176,0.560053
1973248,1973248,0.560008
1976320,1976320,0.581733
1979392,1979392,0.545360
1982464,1982464,0.598861
1985536,1985536,0.547368
1988608,1988608,0.525992
1991680,1991680,0.574363
1994752,1994752,0.582117
1997824,1997824,0.598800
2000896,2000896,0.606362
2003968,2003968,0.589261
2007040,2007040,0.617235
2010112,2010112,0.607146
2013184,2013184,0.589535
2016256,2016256,0.632058
2019328,2019328,0.624424
2022400,2022400,0.597696
2025472,2025472,0.546259
2028544,2028544,0.543015
2031616,2031616,0.538503
2034688,2034688,0.599383
2037760,2037760,0.578588
2040832,2040832,0.589607
2043904,2043904,0.600401
2046976,2046976,0.596992
2050048,2050048,0.590637
2053120,2053120,0.558862
2056192,2056192,0.535893
2059264,2059264,0.564485
2062336,2062336,0.585786
2065408,2065408,0.603127
2068480,2068480,0.564806
2071552,2071552,0.605807
2074624,2074624,0.597039
2077696,2077696,0.583449
2080768,2080768,0.563201
2083840,2083840,0.630940
2086912,2086912,0.600674
2089984,2089984,0.556879
2093056,2093056,0.591979
2096128,2096128,0.562442
2097152,2097152,0.573230
2100224,2100224,0.570030
2103296,2103296,0.573817
2106368,2106368,0.574954
2109440,2109440,0.569026
2112512,2112512,0.570587
2115584,2115584,0.570267
2118656,2118656,0.587880
2121728,2121728,0.608075
2124800,2124800,0.618172
2127872,2127872,0.575551
2130944,2130944,0.562311
2134016,2134016,0.546052
2137088,2137088,0.554524
2140160,2140160,0.635846
2143232,2143232,0.624642
2146304,2146304,0.567188
2149376,2149376,0.548695
2152448,2152448,0.577850
2155520,2155520,0.545232
2158592,2158592,0.560188
2161664,2161664,0.545287
2164736,2164736,0.556560
2167808,2167808,0.602870
2170880,2170880,0.640845
2173952,2173952,0.653177
2177024,2177024,0.673831
2180096,2180096,0.658619
2183168,2183168,0.625157
2186240,2186240,0.638924
2189312,2189312,0.658989
2192384,2192384,0.647673
2195456,2195456,0.652977
2198528,2198528,0.654020
2201600,2201600,0.653880
2204672,2204672,0.639894
2207744,2207744,0.600666
2210816,2210816,0.619603
2213888,2213888,0.585318
2216960,2216960,0.590873
2220032,2220032,0.596356
2223104,2223104,0.590199
2226176,2226176,0.588974
2229248,2229248,0.550666
2232320,2232320,0.538522
2235392,2235392,0.578703
2238464,2238464,0.510205
2241536,2241536,0.584762
2244608,2244608,0.571529
2247680,2247680,0.577188
2250752,2250752,0.586601
2253824,2253824,0.522273
2256896,2256896,0.563942
2259968,2259968,0.561718
2263040,2263040,0.609214
2266112,2266112,0.579347
2269184,2269184,0.614628
2272256,2272256,0.641572
2275328,2275328,0.621865
2278400,2278400,0.586171
2281472,2281472,0.581454
2284544,2284544,0.610392
2287616,2287616,0.600755
2290688,2290688,0.585893
2293760,2293760,0.580626
2296832,2296832,0.614926
2299904,2299904,0.622399
2302976,2302976,0.627047
2306048,2306048,0.640861
2309120,2309120,0.590514
2312192,2312192,0.589171
2315264,2315264,0.555757
2318336,2318336,0.581086
2321408,2321408,0.589200
2324480,2324480,0.582243
2327552,2327552,0.590983
2330624,2330624,0.581078
2333696,2333696,0.577082
2336768,2336768,0.604457
2339840,2339840,0.622041
2342912,2342912,0.592621
2345984,2345984,0.585006
2349056,2349056,0.603054
2352128,2352128,0.573425
2355200,2355200,0.592390
2358272,2358272,0.561688
2361344,2361344,0.543326
2364416,2364416,0.549749
2367488,2367488,0.558605
2370560,2370560,0.515244
2373632,2373632,0.580689
2376704,2376704,0.583263
2379776,2379776,0.598846
2382848,2382848,0.613742
2385920,2385920,0.539526
2388992,2388992,0.512821
2392064,2392064,0.602841
2395136,2395136,0.581941
2398208,2398208,0.597009
2401280,2401280,0.558833
2404352,2404352,0.570411
2407424,2407424,0.559261
2410496,2410496,0.617258
2413568,2413568,0.610416
2416640,2416640,0.653728
2419712,2419712,0.555397
2422784,2422784,0.512028
2425856,2425856,0.530214
2428928,2428928,0.605304
2432000,2432000,0.562645
2435072,2435072,0.613005
2438144,2438144,0.609468
2441216,2441216,0.619718
2444288,2444288,0.560072
2447360,2447360,0.574993
2450432,2450432,0.581135
2453504,2453504,0.576200
2456576,2456576,0.591614
2459648,2459648,0.567173
2462720,2462720,0.585311
2465792,2465792,0.585699
2468864,2468864,0.566882
2471936,2471936,0.591029
2475008,2475008,0.588037
2478080,2478080,0.591970
2481152,2481152,0.602188
2484224,2484224,0.614629
2487296,2487296,0.604783
2490368,2490368,0.571307
2493440,2493440,0.553391
2496512,2496512,0.603268
2499584,2499584,0.633132
2502656,2502656,0.575769
2505728,2505728,0.602298
2508800,2508800,0.624719
2511872,2511872,0.586388
2514944,2514944,0.566995
2518016,2518016,0.591641
2521088,2521088,0.595353
2524160,2524160,0.572716
2527232,2527232,0.609001
2530304,2530304,0.582696
2533376,2533376,0.564894
2536448,2536448,0.599351
2539520,2539520,0.588267
2542592,2542592,0.588359
2545664,2545664,0.562902
2548736,2548736,0.634288
2551808,2551808,0.591390
2554880,2554880,0.613299
2557952,2557952,0.609113
2561024,2561024,0.535130
2564096,2564096,0.567696
2567168,2567168,0.538208
2570240,2570240,0.548643
2573312,2573312,0.541204
2576384,2576384,0.563327
2579456,2579456,0.573540
2582528,2582528,0.571354
2585600,2585600,0.562360
2588672,2588672,0.600570
2591744,2591744,0.615120
2594816,2594816,0.597857
2597888,2597888,0.541103
2600960,2600960,0.616358
2604032,2604032,0.585015
2607104,2607104,0.597459
2610176,2610176,0.630995
2613248,2613248,0.632544
2616320,2616320,0.657626
2619392,2619392,0.608802
2622464,2622464,0.650207
2625536,2625536,0.616374
2628608,2628608,0.563736
2631680,2631680,0.624667
2634752,2634752,0.595786
2637824,2637824,0.484714
2640896,2640896,0.528582
2643968,2643968,0.548710
2647040,2647040,0.528236
2650112,2650112,0.536177
2653184,2653184,0.624927
2656256,2656256,0.602845
2659328,2659328,0.592469
2662400,2662400,0.598229
2665472,2665472,0.603967
2668544,2668544,0.613926
2671616,2671616,0.609059
2674688,2674688,0.581512
2677760,2677760,0.599656
2680832,2680832,0.588442
2683904,2683904,0.596274
2686976,2686976,0.553110
2690048,2690048,0.572691
2693120,2693120,0.577646
2696192,2696192,0.635230
2699264,2699264,0.615745
2702336,2702336,0.609933
2705408,2705408,0.563132
2708480,2708480,0.609180
2711552,2711552,0.591955
2714624,2714624,0.583870
2717696,2717696,0.550496
2720768,2720768,0.601687
2723840,2723840,0.623383
2726912,2726912,0.585040
2729984,2729984,0.579046
2733056,2733056,0.585484
2736128,2736128,0.582772
2739200,2739200,0.601722
2742272,2742272,0.579648
2745344,2745344,0.610497
2748416,2748416,0.633924
2751488,2751488,0.567624
2754560,2754560,0.526931
2757632,2757632,0.575240
2760704,2760704,0.565503
2763776,2763776,0.551424
2766848,2766848,0.551677
2769920,2769920,0.545947
2772992,2772992,0.511395
2776064,2776064,0.513234
2779136,2779136,0.549214
2782208,2782208,0.535523
2785280,2785280,0.541659
2788352,2788352,0.523981
2791424,2791424,0.562149
2794496,2794496,0.558377
2797568,2797568,0.609169
2800640,2800640,0.541118
2803712,2803712,0.545779
2806784,2806784,0.566054
2809856,2809856,0.506284
2812928,2812928,0.532625
2816000,2816000,0.568469
2819072,2819072,0.549960
2822144,2822144,0.546047
2825216,2825216,0.524191
2828288,2828288,0.565210
2831360,2831360,0.556148
2834432,2834432,0.579750
2837504,2837504,0.535022
2840576,2840576,0.527933
2843648,2843648,0.548543
2846720,2846720,0.537162
2849792,2849792,0.531927
2852864,2852864,0.515513
2855936,2855936,0.527944
2859008,2859008,0.573906
2862080,2862080,0.640519
2865152,2865152,0.615878
2868224,2868224,0.573787
2871296,2871296,0.591469
2874368,2874368,0.555359
2877440,2877440,0.518795
2880512,2880512,0.535746
2883584,2883584,0.571282
2886656,2886656,0.592267
2889728,2889728,0.608243
2892800,2892800,0.598840
2895872,2895872,0.596683
2898944,2898944,0.584483
2902016,2902016,0.577090
2905088,2905088,0.575942
2908160,2908160,0.632045
2911232,2911232,0.597327
2914304,2914304,0.584699
2917376,2917376,0.572378
2920448,2920448,0.583667
2923520,2923520,0.577453
2926592,2926592,0.551746
2929664,2929664,0.555329
2932736,2932736,0.603689
2935808,2935808,0.597662
2938880,2938880,0.570040
2941952,2941952,0.588193
2945024,2945024,0.602014
2948096,2948096,0.585101
2951168,2951168,0.550939
2954240,2954240,0.583795
2957312,2957312,0.582067
2960384,2960384,0.583343
2963456,2963456,0.632052
2966528,2966528,0.614923
2969600,2969600,0.580997
2972672,2972672,0.582292
2975744,2975744,0.547231
2978816,2978816,0.649482
2981888,2981888,0.636675
2984960,2984960,0.580418
2988032,2988032,0.572927
2991104,2991104,0.599900
2994176,2994176,0.607805
2997248,2997248,0.606088
3000320,3000320,0.564730
3003392,3003392,0.581092
3006464,3006464,0.594438
3009536,3009536,0.611434
3012608,3012608,0.602100
3015680,3015680,0.679291
3018752,3018752,0.621084
3021824,3021824,0.572756
3024896,3024896,0.603878
3027968,3027968,0.603680
3031040,3031040,0.633432
3034112,3034112,0.648436
3037184,3037184,0.616034
3040256,3040256,0.632875
3043328,3043328,0.607114
3046400,3046400,0.588938
3049472,3049472,0.539668
3052544,3052544,0.589028
3055616,3055616,0.622483
3058688,3058688,0.583445
3061760,3061760,0.594005
3064832,3064832,0.599457
3067904,3067904,0.579827
3070976,3070976,0.597102
3074048,3074048,0.590235
3077120,3077120,0.603657
3080192,3080192,0.598963
3083264,3083264,0.596456
3086336,3086336,0.555882
3089408,3089408,0.642817
3092480,3092480,0.577988
3095552,3095552,0.579232
3098624,3098624,0.634071
3101696,3101696,0.692893
3104768,3104768,0.668254
3107840,3107840,0.671052
3110912,3110912,0.570891
3113984,3113984,0.991803
3117056,3117056,0.992701
3120128,3120128,0.991432
3123200,3123200,0.992750
3126272,3126272,0.992446
3129344,3129344,0.992856
3132416,3132416,0.992204
3135488,3135488,0.849834
3138560,3138560,0.970417
3141632,3141632,0.974990
3144704,3144704,0.645406
3145728,3145728,0.671735
3148800,3148800,0.990643
3151872,3151872,0.882354
3154944,3154944,0.969471
3158016,3158016,0.850544
3161088,3161088,0.952291
3164160,3164160,0.987291
3167232,3167232,0.989463
3170304,3170304,0.988985
3173376,3173376,0.953912
3176448,3176448,0.876402
3179520,3179520,0.853225
3182592,3182592,0.706535
3185664,3185664,0.156190
3188736,3188736,0.517357
3191808,3191808,0.060472
3194880,3194880,0.537549
3197952,3197952,0.600938
3201024,3201024,0.573246
3204096,3204096,0.578031
3207168,3207168,0.571432
3210240,3210240,0.595038
3213312,3213312,0.591998
3216384,3216384,0.581801
3219456,3219456,0.597607
3222528,3222528,0.561092
3225600,3225600,0.592659
3228672,3228672,0.568113
3231744,3231744,0.591617
3234816,3234816,0.590078
3237888,3237888,0.564296
3240960,3240960,0.588959
3244032,3244032,0.576935
3247104,3247104,0.585802
3250176,3250176,0.562293
3253248,3253248,0.592377
3256320,3256320,0.584725
3259392,3259392,0.795671
3262464,3262464,0.791100
3265536,3265536,0.793937
3268608,3268608,0.795344
3271680,3271680,0.752404
3274752,3274752,0.646584
3277824,3277824,0.636138
3280896,3280896,0.602115
3283968,3283968,0.616757
3287040,3287040,0.642058
3290112,3290112,0.646789
3293184,3293184,0.647586
3296256,3296256,0.616900
3299328,3299328,0.647639
3302400,3302400,0.623931
3305472,3305472,0.622031
3308544,3308544,0.615881
3311616,3311616,0.621367
3314688,3314688,0.588284
3317760,3317760,0.631260
3320832,3320832,0.585032
3323904,3323904,0.560750
3326976,3326976,0.576479
3330048,3330048,0.588243
3333120,3333120,0.621640
3336192,3336192,0.623777
3339264,3339264,0.770908
3342336,3342336,0.992560
3345408,3345408,0.993034
3348480,3348480,0.992183
3351552,3351552,0.992340
3354624,3354624,0.991213
3357696,3357696,0.993683
3360768,3360768,0.991093
3363840,3363840,0.825964
3366912,3366912,0.978778
3369984,3369984,0.928263
3373056,3373056,0.745114
3376128,3376128,0.990582
3379200,3379200,0.882517
3382272,3382272,0.944627
3385344,3385344,0.880721
3388416,3388416,0.952321
3391488,3391488,0.988267
3394560,3394560,0.990447
3397632,3397632,0.989038
3400704,3400704,0.943150
3403776,3403776,0.877906
3406848,3406848,0.826002
3409920,3409920,0.734561
3412992,3412992,0.056638
3416064,3416064,0.528411
3419136,3419136,0.060472
3422208,3422208,0.560534
3425280,3425280,0.605767
3428352,3428352,0.568111
3431424,3431424,0.577641
3434496,3434496,0.575793
3437568,3437568,0.594025
3440640,3440640,0.591812
3443712,3443712,0.577144
3446784,3446784,0.599270
3449856,3449856,0.556269
3452928,3452928,0.597842
3456000,3456000,0.573835
3459072,3459072,0.588069
3462144,3462144,0.589969
3465216,3465216,0.562842
3468288,3468288,0.577463
3471360,3471360,0.583146
3474432,3474432,0.574966
3477504,3477504,0.570739
3480576,3480576,0.595617
3483648,3483648,0.586311
3486720,3486720,0.795636
3489792,3489792,0.791080
3492864,3492864,0.793929
3495936,3495936,0.795369
3499008,3499008,0.765472
3502080,3502080,0.647651
3505152,3505152,0.636607
3508224,3508224,0.597078
3511296,3511296,0.618888
3514368,3514368,0.644448
3517440,3517440,0.642884
3520512,3520512,0.649544
3523584,3523584,0.614542
3526656,3526656,0.648059
3529728,3529728,0.626241
3532800,3532800,0.615666
3535872,3535872,0.618662
3538944,3538944,0.618474
3542016,3542016,0.597322
3545088,3545088,0.626596
3548160,3548160,0.582478
3551232,3551232,0.562982
3554304,3554304,0.572989
3557376,3557376,0.593155
3560448,3560448,0.620894
3563520,3563520,0.629487
3566592,3566592,0.729718
3569664,3569664,0.421136
3572736,3572736,0.466052
3575808,3575808,0.485666
3578880,3578880,0.472603
3581952,3581952,0.504452
3585024,3585024,0.491351
3588096,3588096,0.501127
3591168,3591168,0.495026
3594240,3594240,0.512357
3597312,3597312,0.505030
3600384,3600384,0.518571
3603456,3603456,0.532124
3606528,3606528,0.545914
3609600,3609600,0.549363
3612672,3612672,0.468414
3615744,3615744,0.473824
3618816,3618816,0.477504
3621888,3621888,0.521389
3624960,3624960,0.526002
3628032,3628032,0.452109
3631104,3631104,0.467539
3634176,3634176,0.436988
3637248,3637248,0.436524
3640320,3640320,0.372569
3643392,3643392,0.393124
3646464,3646464,0.511139
3649536,3649536,0.414695
3652608,3652608,0.438253
3655680,3655680,0.483023
3658752,3658752,0.473559
3661824,3661824,0.072379
3664896,3664896,0.000000
3667968,3667968,0.000000
3671040,3671040,0.815315
3674112,3674112,0.993397
3677184,3677184,0.992138
3680256,3680256,0.992309
3683328,3683328,0.992328
3686400,3686400,0.990880
3689472,3689472,0.993532
3692544,3692544,0.961344
3695616,3695616,0.874622
3698688,3698688,0.979601
3701760,3701760,0.861358
3704832,3704832,0.828341
3707904,3707904,0.988352
3710976,3710976,0.890834
3714048,3714048,0.876489
3717120,3717120,0.945185
3720192,3720192,0.948112
3723264,3723264,0.989346
3726336,3726336,0.991872
3729408,3729408,0.990527
3732480,3732480,0.913663
3735552,3735552,0.875207
3738624,3738624,0.810221
3741696,3741696,0.664388
3744768,3744768,0.010175
3747840,3747840,0.550965
3750912,3750912,0.196265
3753984,3753984,0.550968
3757056,3757056,0.589663
3760128,3760128,0.583051
3763200,3763200,0.581472
3766272,3766272,0.588487
3769344,3769344,0.583337
3772416,3772416,0.596718
3775488,3775488,0.560568
3778560,3778560,0.601068
3781632,3781632,0.568249
3784704,3784704,0.594663
3787776,3787776,0.587367
3790848,3790848,0.573092
3793920,3793920,0.587521
3796992,3796992,0.556140
3800064,3800064,0.590775
3803136,3803136,0.580737
3806208,3806208,0.583985
3809280,3809280,0.589978
3812352,3812352,0.591631
3815424,3815424,0.598880
3818496,3818496,0.810779
3821568,3821568,0.792530
3824640,3824640,0.792979
3827712,3827712,0.786533
3830784,3830784,0.726792
3833856,3833856,0.653700
3836928,3836928,0.636461
3840000,3840000,0.597967
3843072,3843072,0.617558
3846144,3846144,0.644519
3849216,3849216,0.643559
3852288,3852288,0.645020
3855360,3855360,0.615687
3858432,3858432,0.642390
3861504,3861504,0.632234
3864576,3864576,0.610715
3867648,3867648,0.619679
3870720,3870720,0.601295
3873792,3873792,0.616628
3876864,3876864,0.613834
3879936,3879936,0.583158
3883008,3883008,0.569242
3886080,3886080,0.566636
3889152,3889152,0.614466
3892224,3892224,0.608490
3895296,3895296,0.659211
3898368,3898368,0.845001
3901440,3901440,0.993052
3904512,3904512,0.991535
3907584,3907584,0.992436
3910656,3910656,0.992347
3913728,3913728,0.991355
3916800,3916800,0.992729
3919872,3919872,0.913524
3922944,3922944,0.926512
3926016,3926016,0.979510
3929088,3929088,0.790789
3932160,3932160,0.897457
3935232,3935232,0.988231
3938304,3938304,0.890722
3941376,3941376,0.833336
3944448,3944448,0.970676
3947520,3947520,0.948893
3950592,3950592,0.989332
3953664,3953664,0.992046
3956736,3956736,0.989775
3959808,3959808,0.902982
3962880,3962880,0.875585
3965952,3965952,0.776866
3969024,3969024,0.630352
3972096,3972096,0.009904
3975168,3975168,0.524336
3978240,3978240,0.261969
3981312,3981312,0.547323
3984384,3984384,0.592037
3987456,3987456,0.583645
3990528,3990528,0.580516
3993600,3993600,0.589630
3996672,3996672,0.577068
3999744,3999744,0.594191
4002816,4002816,0.562030
4005888,4005888,0.601910
4008960,4008960,0.574255
4012032,4012032,0.592622
4015104,4015104,0.590553
4018176,4018176,0.566865
4021248,4021248,0.576461
4024320,4024320,0.571781
4027392,4027392,0.592433
4030464,4030464,0.587713
4033536,4033536,0.583287
4036608,4036608,0.598634
4039680,4039680,0.590533
4042752,4042752,0.606194
4045824,4045824,0.788166
4048896,4048896,0.792530
4051968,4051968,0.792979
4055040,4055040,0.822451
4058112,4058112,0.683704
4061184,4061184,0.651179
4064256,4064256,0.635858
4067328,4067328,0.598323
4070400,4070400,0.622951
4073472,4073472,0.643094
4076544,4076544,0.642465
4079616,4079616,0.644244
4082688,4082688,0.618317
4085760,4085760,0.637489
4088832,4088832,0.632491
4091904,4091904,0.611582
4094976,4094976,0.618767
4098048,4098048,0.595532
4101120,4101120,0.621224
4104192,4104192,0.610363
4107264,4107264,0.580468
4110336,4110336,0.572991
4113408,4113408,0.566648
4116480,4116480,0.619374
4119552,4119552,0.607574
4122624,4122624,0.702494
4125696,4125696,0.573832
4128768,4128768,0.424105
4131840,4131840,0.476235
4134912,4134912,0.475445
4137984,4137984,0.491258
4141056,4141056,0.497486
4144128,4144128,0.492046
4147200,4147200,0.491652
4150272,4150272,0.506019
4153344,4153344,0.502792
4156416,4156416,0.512287
4159488,4159488,0.526819
4162560,4162560,0.532088
4165632,4165632,0.561443
4168704,4168704,0.523767
4171776,4171776,0.459549
4174848,4174848,0.476764
4177920,4177920,0.488635
4180992,4180992,0.522922
4184064,4184064,0.489323
4187136,4187136,0.434111
4190208,4190208,0.474945
4193280,4193280,0.415120
4194304,4194304,0.424417
4197376,4197376,0.420333
4200448,4200448,0.372212
4203520,4203520,0.467988
4206592,4206592,0.439927
4209664,4209664,0.457220
4212736,4212736,0.424178
4215808,4215808,0.527248
4218880,4218880,0.216391
4221952,4221952,0.000000
4225024,4225024,0.000000
4228096,4228096,0.731336
4231168,4231168,0.991603
4234240,4234240,0.992174
4237312,4237312,0.988113
4240384,4240384,0.979484
4243456,4243456,0.990880
4246528,4246528,0.978082
4249600,4249600,0.991032
4252672,4252672,0.983107
4255744,4255744,0.989164
4258816,4258816,0.984537
4261888,4261888,0.988205
4264960,4264960,0.982177
4268032,4268032,0.982163
4271104,4271104,0.990341
4274176,4274176,0.990153
4277248,4277248,0.976956
4280320,4280320,0.987758
4283392,4283392,0.978971
4286464,4286464,0.991311
4289536,4289536,0.991595
4292608,4292608,0.989513
4295680,4295680,0.990536
4298752,4298752,0.988858
4301824,4301824,0.990179
4304896,4304896,0.960198
4307968,4307968,0.990352
4311040,4311040,0.985983
4314112,4314112,0.990481
4317184,4317184,0.986785
4320256,4320256,0.901358
4323328,4323328,0.991241
4326400,4326400,0.988602
4329472,4329472,0.988124
4332544,4332544,0.990746
4335616,4335616,0.740439
4338688,4338688,0.695856
4341760,4341760,0.659460
4344832,4344832,0.630847
4347904,4347904,0.643798
4350976,4350976,0.620630
4354048,4354048,0.597609
4357120,4357120,0.592109
4360192,4360192,0.587717
4363264,4363264,0.600787
4366336,4366336,0.564553
4369408,4369408,0.598937
4372480,4372480,0.625489
4375552,4375552,0.614089
4378624,4378624,0.617207
4381696,4381696,0.618450
4384768,4384768,0.620416
4387840,4387840,0.621500
4390912,4390912,0.617614
4393984,4393984,0.627894
4397056,4397056,0.635875
4400128,4400128,0.606387
4403200,4403200,0.602451
4406272,4406272,0.611752
4409344,4409344,0.611203
4412416,4412416,0.622039
4415488,4415488,0.599608
4418560,4418560,0.583202
4421632,4421632,0.611832
4424704,4424704,0.622607
4427776,4427776,0.614932
4430848,4430848,0.607287
4433920,4433920,0.536789
4436992,4436992,0.564815
4440064,4440064,0.595527
4443136,4443136,0.634437
4446208,4446208,0.620375
4449280,4449280,0.628139
4452352,4452352,0.603940
4455424,4455424,0.583995
4458496,4458496,0.595687
4461568,4461568,0.586638
4464640,4464640,0.605819
4467712,4467712,0.580897
4470784,4470784,0.573414
4473856,4473856,0.571368
4476928,4476928,0.601328
4480000,4480000,0.565896
4483072,4483072,0.595514
4486144,4486144,0.609734
4489216,4489216,0.548764
4492288,4492288,0.597651
4495360,4495360,0.586078
4498432,4498432,0.598428
4501504,4501504,0.599386
4504576,4504576,0.542211
4507648,4507648,0.582887
4510720,4510720,0.585070
4513792,4513792,0.607152
4516864,4516864,0.586825
4519936,4519936,0.596289
4523008,4523008,0.598836
4526080,4526080,0.582881
4529152,4529152,0.597471
4532224,4532224,0.600801
4535296,4535296,0.602440
4538368,4538368,0.604271
4541440,4541440,0.604797
4544512,4544512,0.590852
4547584,4547584,0.573015
4550656,4550656,0.585814
4553728,4553728,0.580529
4556800,4556800,0.573393
4559872,4559872,0.610223
4562944,4562944,0.593056
4566016,4566016,0.595782
4569088,4569088,0.602827
4572160,4572160,0.598419
4575232,4575232,0.598320
4578304,4578304,0.570669
4581376,4581376,0.608401
4584448,4584448,0.612394
4587520,4587520,0.627370
4590592,4590592,0.609565
4593664,4593664,0.600035
4596736,4596736,0.621140
4599808,4599808,0.638031
4602880,4602880,0.631246
4605952,4605952,0.594559
4609024,4609024,0.564862
4612096,4612096,0.570980
4615168,4615168,0.607010
4618240,4618240,0.641235
4621312,4621312,0.625051
4624384,4624384,0.612991
4627456,4627456,0.597912
4630528,4630528,0.605810
4633600,4633600,0.612413
4636672,4636672,0.577728
4639744,4639744,0.551146
4642816,4642816,0.538622
4645888,4645888,0.534322
4648960,4648960,0.559817
4652032,4652032,0.568596
4655104,4655104,0.540356
4658176,4658176,0.490240
4661248,4661248,0.539603
4664320,4664320,0.453981
4667392,4667392,0.395048
4670464,4670464,0.502843
4673536,4673536,0.560959
4676608,4676608,0.537145
4679680,4679680,0.538165
4682752,4682752,0.538800
4685824,4685824,0.553483
4688896,4688896,0.551642
4691968,4691968,0.601158
4695040,4695040,0.554191
4698112,4698112,0.469935
4701184,4701184,0.470597
4704256,4704256,0.475209
4707328,4707328,0.589351
4710400,4710400,0.587905
4713472,4713472,0.642197
4716544,4716544,0.585800
4719616,4719616,0.607582
4722688,4722688,0.647286
4725760,4725760,0.620797
4728832,4728832,0.589030
4731904,4731904,0.591016
4734976,4734976,0.607935
4738048,4738048,0.581518
4741120,4741120,0.603723
4744192,4744192,0.531642
4747264,4747264,0.629417
4750336,4750336,0.563332
4753408,4753408,0.541203
4756480,4756480,0.533274
4759552,4759552,0.554453
4762624,4762624,0.501060
4765696,4765696,0.603703
4768768,4768768,0.646684
4771840,4771840,0.632432
4774912,4774912,0.606912
4777984,4777984,0.615456
4781056,4781056,0.633008
4784128,4784128,0.632744
4787200,4787200,0.620338
4790272,4790272,0.621334
4793344,4793344,0.620675
4796416,4796416,0.594138
4799488,4799488,0.613175
4802560,4802560,0.625717
4805632,4805632,0.645533
4808704,4808704,0.620039
4811776,4811776,0.615437
4814848,4814848,0.601668
4817920,4817920,0.593974
4820992,4820992,0.632303
4824064,4824064,0.596478
4827136,4827136,0.627109
4830208,4830208,0.642174
4833280,4833280,0.626457
4836352,4836352,0.634696
4839424,4839424,0.605414
4842496,4842496,0.549483
4845568,4845568,0.570876
4848640,4848640,0.611567
4851712,4851712,0.533769
4854784,4854784,0.588594
4857856,4857856,0.628836
4860928,4860928,0.566290
4864000,4864000,0.552129
4867072,4867072,0.548409
4870144,4870144,0.502808
4873216,4873216,0.526309
4876288,4876288,0.494497
4879360,4879360,0.501873
4882432,4882432,0.533155
4885504,4885504,0.522588
4888576,4888576,0.516093
4891648,4891648,0.529970
4894720,4894720,0.529177
4897792,4897792,0.547626
4900864,4900864,0.524661
4903936,4903936,0.538885
4907008,4907008,0.550396
4910080,4910080,0.542067
4913152,4913152,0.509347
4916224,4916224,0.531001
4919296,4919296,0.508002
4922368,4922368,0.539581
4925440,4925440,0.536512
4928512,4928512,0.545975
4931584,4931584,0.520002
4934656,4934656,0.523398
4937728,4937728,0.561392
4940800,4940800,0.545236
4943872,4943872,0.544731
4946944,4946944,0.530824
4950016,4950016,0.526509
4953088,4953088,0.565727
4956160,4956160,0.557967
4959232,4959232,0.560725
4962304,4962304,0.553967
4965376,4965376,0.553843
4968448,4968448,0.544601
4971520,4971520,0.571431
4974592,4974592,0.561513
4977664,4977664,0.585896
4980736,4980736,0.573844
4983808,4983808,0.539922
4986880,4986880,0.547707
4989952,4989952,0.562552
4993024,4993024,0.602253
4996096,4996096,0.608763
4999168,4999168,0.592622
5002240,5002240,0.599454
5005312,5005312,0.609962
5008384,5008384,0.595125
5011456,5011456,0.598451
5014528,5014528,0.639930
5017600,5017600,0.641786
5020672,5020672,0.561011
5023744,5023744,0.546260
5026816,5026816,0.535683
5029888,5029888,0.547685
5032960,5032960,0.595518
5036032,5036032,0.597662
5039104,5039104,0.600880
5042176,5042176,0.595792
5045248,5045248,0.600319
5048320,5048320,0.578894
5051392,5051392,0.541348
5054464,5054464,0.555831
5057536,5057536,0.568853
5060608,5060608,0.587995
5063680,5063680,0.605748
5066752,5066752,0.560437
5069824,5069824,0.610258
5072896,5072896,0.588302
5075968,5075968,0.577731
5079040,5079040,0.576864
5082112,5082112,0.654739
5085184,5085184,0.542034
5088256,5088256,0.587662
5091328,5091328,0.573440
5094400,5094400,0.573279
5097472,5097472,0.569775
5100544,5100544,0.572332
5103616,5103616,0.576577
5106688,5106688,0.568870
5109760,5109760,0.570525
5112832,5112832,0.569593
5115904,5115904,0.588294
5118976,5118976,0.607524
5122048,5122048,0.618095
5125120,5125120,0.574022
5128192,5128192,0.564271
5131264,5131264,0.547288
5134336,5134336,0.554447
5137408,5137408,0.634658
5140480,5140480,0.625107
5143552,5143552,0.568301
5146624,5146624,0.548424
5149696,5149696,0.578174
5152768,5152768,0.545112
5155840,5155840,0.560248
5158912,5158912,0.545192
5161984,5161984,0.556352
5165056,5165056,0.601076
5168128,5168128,0.640753
5171200,5171200,0.652997
5174272,5174272,0.674345
5177344,5177344,0.658179
5180416,5180416,0.625940
5183488,5183488,0.638903
5186560,5186560,0.659140
5189632,5189632,0.647298
5192704,5192704,0.653532
5195776,5195776,0.652941
5198848,5198848,0.654017
5201920,5201920,0.640842
5204992,5204992,0.600768
5208064,5208064,0.619081
5211136,5211136,0.586542
5214208,5214208,0.589732
5217280,5217280,0.597337
5220352,5220352,0.591018
5223424,5223424,0.587205
5226496,5226496,0.552078
5229568,5229568,0.538682
5232640,5232640,0.579379
5235712,5235712,0.507939
5238784,5238784,0.584642
5241856,5241856,0.572078
5242880,5242880,0.585108
5245952,5245952,0.565432
5249024,5249024,0.593723
5252096,5252096,0.520707
5255168,5255168,0.569122
5258240,5258240,0.557861
5261312,5261312,0.610375
5264384,5264384,0.570571
5267456,5267456,0.637362
5270528,5270528,0.646175
5273600,5273600,0.603527
5276672,5276672,0.579106
5279744,5279744,0.599117
5282816,5282816,0.599365
5285888,5285888,0.602042
5288960,5288960,0.592292
5292032,5292032,0.570493
5295104,5295104,0.630658
5298176,5298176,0.624341
5301248,5301248,0.632609
5304320,5304320,0.604910
5307392,5307392,0.597942
5310464,5310464,0.575296
5313536,5313536,0.555344
5316608,5316608,0.601827
5319680,5319680,0.579877
5322752,5322752,0.586409
5325824,5325824,0.594348
5328896,5328896,0.573045
5331968,5331968,0.584618
5335040,5335040,0.601001
5338112,5338112,0.620483
5341184,5341184,0.608184
5344256,5344256,0.557306
5347328,5347328,0.603904
5350400,5350400,0.587642
5353472,5353472,0.575804
5356544,5356544,0.581580
5359616,5359616,0.531934
5362688,5362688,0.534669
5365760,5365760,0.558929
5368832,5368832,0.538509
5371904,5371904,0.576894
5374976,5374976,0.588985
5378048,5378048,0.594134
5381120,5381120,0.616131
5384192,5384192,0.518587
5387264,5387264,0.542515
5390336,5390336,0.591551
5393408,5393408,0.578151
5396480,5396480,0.600474
5399552,5399552,0.572547
5402624,5402624,0.548269
5405696,5405696,0.563945
5408768,5408768,0.624650
5411840,5411840,0.613852
5414912,5414912,0.641882
5417984,5417984,0.528757
5421056,5421056,0.528001
5424128,5424128,0.512018
5427200,5427200,0.594104
5430272,5430272,0.583087
5433344,5433344,0.624299
5436416,5436416,0.611212
5439488,5439488,0.608627
5442560,5442560,0.579893
5445632,5445632,0.549883
5448704,5448704,0.584929
5451776,5451776,0.578367
5454848,5454848,0.580134
5457920,5457920,0.560089
5460992,5460992,0.601461
5464064,5464064,0.582375
5467136,5467136,0.577379
5470208,5470208,0.590804
5473280,5473280,0.582126
5476352,5476352,0.612251
5479424,5479424,0.605510
5482496,5482496,0.593056
5485568,5485568,0.611349
5488640,5488640,0.571031
5491712,5491712,0.549393
5494784,5494784,0.626390
5497856,5497856,0.606366
5500928,5500928,0.574730
5504000,5504000,0.622454
5507072,5507072,0.627434
5510144,5510144,0.559180
5513216,5513216,0.564683
5516288,5516288,0.597587
5519360,5519360,0.590681
5522432,5522432,0.577172
5525504,5525504,0.596706
5528576,5528576,0.597926
5531648,5531648,0.571960
5534720,5534720,0.581169
5537792,5537792,0.593933
5540864,5540864,0.567747
5543936,5543936,0.607785
5547008,5547008,0.615211
5550080,5550080,0.610288
5553152,5553152,0.587945
5556224,5556224,0.604993
5559296,5559296,0.561096
5562368,5562368,0.545549
5565440,5565440,0.545600
5568512,5568512,0.543006
5571584,5571584,0.551717
5574656,5574656,0.570587
5577728,5577728,0.572209
5580800,5580800,0.571659
5583872,5583872,0.559750
5586944,5586944,0.603940
5590016,5590016,0.614805
5593088,5593088,0.592766
5596160,5596160,0.567019
5599232,5599232,0.600114
5602304,5602304,0.586476
5605376,5605376,0.600487
5608448,5608448,0.635720
5611520,5611520,0.635180
5614592,5614592,0.646520
5617664,5617664,0.606645
5620736,5620736,0.654859
5623808,5623808,0.603238
5626880,5626880,0.564565
5629952,5629952,0.638548
5633024,5633024,0.574091
5636096,5636096,0.471590
5639168,5639168,0.544775
5642240,5642240,0.538538
5645312,5645312,0.534423
5648384,5648384,0.568936
5651456,5651456,0.622595
5654528,5654528,0.596334
5657600,5657600,0.587370
5660672,5660672,0.609835
5663744,5663744,0.607400
5666816,5666816,0.606324
5669888,5669888,0.607280
5672960,5672960,0.592389
5676032,5676032,0.582390
5679104,5679104,0.584500
5682176,5682176,0.599797
5685248,5685248,0.546597
5688320,5688320,0.579016
5691392,5691392,0.593309
5694464,5694464,0.625327
5697536,5697536,0.615542
5700608,5700608,0.604988
5703680,5703680,0.588143
5706752,5706752,0.575525
5709824,5709824,0.616388
5712896,5712896,0.554815
5715968,5715968,0.578024
5719040,5719040,0.598986
5722112,5722112,0.624738
5725184,5725184,0.562082
5728256,5728256,0.599292
5731328,5731328,0.572775
5734400,5734400,0.592880
5737472,5737472,0.585066
5740544,5740544,0.601951
5743616,5743616,0.606244
5746688,5746688,0.621417
5749760,5749760,0.549622
5752832,5752832,0.569249
5755904,5755904,0.554582
5758976,5758976,0.543707
5762048,5762048,0.557388
5765120,5765120,0.551069
5768192,5768192,0.541820
5771264,5771264,0.502100
5774336,5774336,0.539457
5777408,5777408,0.536692
5780480,5780480,0.531008
5783552,5783552,0.538697
5786624,5786624,0.539348
5789696,5789696,0.552314
5792768,5792768,0.578009
5795840,5795840,0.594375
5798912,5798912,0.532139
5801984,5801984,0.555327
5805056,5805056,0.529611
5808128,5808128,0.531943
5811200,5811200,0.535481
5814272,5814272,0.567148
5817344,5817344,0.553694
5820416,5820416,0.528915
5823488,5823488,0.543992
5826560,5826560,0.552576
5829632,5829632,0.586074
5832704,5832704,0.551311
5835776,5835776,0.522445
5838848,5838848,0.549804
5841920,5841920,0.529249
5844992,5844992,0.529492
5848064,5848064,0.531029
5851136,5851136,0.522907
5854208,5854208,0.542917
5857280,5857280,0.604956
5860352,5860352,0.638437
5863424,5863424,0.589466
5866496,5866496,0.574669
5869568,5869568,0.578805
5872640,5872640,0.559966
5875712,5875712,0.521117
5878784,5878784,0.541938
5881856,5881856,0.570054
5884928,5884928,0.610325
5888000,5888000,0.603158
5891072,5891072,0.595588
5894144,5894144,0.594734
5897216,5897216,0.568324
5900288,5900288,0.585948
5903360,5903360,0.597796
5906432,5906432,0.618820
5909504,5909504,0.584389
5912576,5912576,0.582967
5915648,5915648,0.568557
5918720,5918720,0.575729
5921792,5921792,0.575267
5924864,5924864,0.549877
5927936,5927936,0.580907
5931008,5931008,0.603939
5934080,5934080,0.587540
5937152,5937152,0.574439
5940224,5940224,0.593175
5943296,5943296,0.588381
5946368,5946368,0.583756
5949440,5949440,0.553629
5952512,5952512,0.586725
5955584,5955584,0.590370
5958656,5958656,0.610281
5961728,5961728,0.615405
5964800,5964800,0.599724
5967872,5967872,0.590629
5970944,5970944,0.574647
5974016,5974016,0.563327
5977088,5977088,0.647324
5980160,5980160,0.606080
5983232,5983232,0.584431
5986304,5986304,0.583623
5989376,5989376,0.601082
5992448,5992448,0.601971
5995520,5995520,0.602950
5998592,5998592,0.548276
6001664,6001664,0.598358
6004736,6004736,0.596504
6007808,6007808,0.605201
6010880,6010880,0.635514
6013952,6013952,0.661678
6017024,6017024,0.633283
6020096,6020096,0.553184
6023168,6023168,0.635015
6026240,6026240,0.596793
6029312,6029312,0.628702
6032384,6032384,0.640669
6035456,6035456,0.600455
6038528,6038528,0.639998
6041600,6041600,0.631180
6044672,6044672,0.541311
6047744,6047744,0.543169
6050816,6050816,0.602620
6053888,6053888,0.618568
6056960,6056960,0.577096
6060032,6060032,0.597609
6063104,6063104,0.604281
6066176,6066176,0.568863
6069248,6069248,0.589100
6072320,6072320,0.604005
6075392,6075392,0.602033
6078464,6078464,0.593179
6081536,6081536,0.591454
6084608,6084608,0.566051
6087680,6087680,0.641006
6090752,6090752,0.555463
6093824,6093824,0.601100
6096896,6096896,0.664687
6099968,6099968,0.676829
6103040,6103040,0.665735
6106112,6106112,0.670936
6109184,6109184,0.736857
FILE,MD5SUM,TIMESTAMP
/home/wyatt/Desktop/csec620-project/PECompact/unpacked_1c580fa4c9b4cbd4b2ab425a4694a2ec895badfa4c9fc771eedca4632eefb549.exe,2d28ea8a7e72591d8d48517b7046f136,2021-12-10 20:19:59
DECIMAL,HEXADECIMAL,ENTROPY
0,0,0.227797
1024,1024,0.618653
2048,2048,0.653677
3072,3072,0.614897
4096,4096,0.584500
5120,5120,0.653677
6144,6144,0.614897
7168,7168,0.591389
8192,8192,0.490483
9216,9216,0.252782
10240,10240,0.356643
11264,11264,0.359381
12288,12288,0.678123
13312,13312,0.577234
14336,14336,0.626919
15360,15360,0.483994
16384,16384,0.543052
17408,17408,0.472610
18432,18432,0.528811
19456,19456,0.366135
20480,20480,0.663281
21504,21504,0.627082
22528,22528,0.708661
23552,23552,0.595448
24576,24576,0.557407
25600,25600,0.584896
26624,26624,0.625373
27648,27648,0.638247
28672,28672,0.574587
29696,29696,0.641422
30720,30720,0.642134
31744,31744,0.651561
32768,32768,0.587732
33792,33792,0.614212
34816,34816,0.590699
35840,35840,0.594631
36864,36864,0.617105
37888,37888,0.593341
38912,38912,0.630761
39936,39936,0.563753
40960,40960,0.631676
41984,41984,0.559023
43008,43008,0.632325
44032,44032,0.576493
45056,45056,0.622168
46080,46080,0.593721
47104,47104,0.641416
48128,48128,0.699105
49152,49152,0.675180
50176,50176,0.636520
51200,51200,0.603506
52224,52224,0.618439
53248,53248,0.633566
54272,54272,0.606666
55296,55296,0.627315
56320,56320,0.616749
57344,57344,0.622302
58368,58368,0.629622
59392,59392,0.622164
60416,60416,0.633295
61440,61440,0.612919
62464,62464,0.622608
63488,63488,0.639747
64512,64512,0.610228
65536,65536,0.630480
66560,66560,0.621884
67584,67584,0.623926
68608,68608,0.632010
69632,69632,0.616839
70656,70656,0.633304
71680,71680,0.613850
72704,72704,0.618901
73728,73728,0.652088
74752,74752,0.621264
75776,75776,0.564170
76800,76800,0.573047
77824,77824,0.577462
78848,78848,0.575211
79872,79872,0.576145
80896,80896,0.572973
81920,81920,0.601698
82944,82944,0.587794
83968,83968,0.595264
84992,84992,0.677923
86016,86016,0.719544
87040,87040,0.672988
88064,88064,0.690186
89088,89088,0.579143
90112,90112,0.564720
91136,91136,0.570476
92160,92160,0.571545
93184,93184,0.569260
94208,94208,0.623142
95232,95232,0.615291
96256,96256,0.631429
97280,97280,0.567823
98304,98304,0.569417
99328,99328,0.567702
100352,100352,0.583362
101376,101376,0.572276
102400,102400,0.570940
103424,103424,0.578384
104448,104448,0.588694
105472,105472,0.656275
106496,106496,0.560581
107520,107520,0.128945
108544,108544,0.000000
109568,109568,0.000000
110592,110592,0.000000
111616,111616,0.000000
112640,112640,0.000000
113664,113664,0.000000
114688,114688,0.000000
115712,115712,0.000000
116736,116736,0.000000
117760,117760,0.000000
118784,118784,0.744967
119808,119808,0.410947
120832,120832,0.583499
121856,121856,0.465523
122880,122880,0.609163
123904,123904,0.579645
124928,124928,0.578256
125952,125952,0.111845
126976,126976,0.311932
128000,128000,0.493802
129024,129024,0.435784
130048,130048,0.441034
131072,131072,0.445847
132096,132096,0.473225
133120,133120,0.398990
134144,134144,0.000000
135168,135168,0.229715
136192,136192,0.516162
137216,137216,0.489512
138240,138240,0.563678
139264,139264,0.251765
140288,140288,0.504915
141312,141312,0.256223
142336,142336,0.012891
143360,143360,0.665851
144384,144384,0.955224
145408,145408,0.954149
146432,146432,0.956083
147456,147456,0.955966
148480,148480,0.961382
149504,149504,0.952031
150528,150528,0.904461
151552,151552,0.000000
152576,152576,0.000000
153600,153600,0.000000
154624,154624,0.000000
155648,155648,0.000000
156672,156672,0.000000
157696,157696,0.000000
158720,158720,0.000000
159744,159744,0.000000
160768,160768,0.000000
161792,161792,0.000000
162816,162816,0.000000
163840,163840,0.000000
164864,164864,0.000000
165888,165888,0.000000
166912,166912,0.000000
167936,167936,0.000000
168960,168960,0.000000
169984,169984,0.000000
171008,171008,0.000000
172032,172032,0.000000
173056,173056,0.000000
174080,174080,0.000000
175104,175104,0.000000
176128,176128,0.000000
177152,177152,0.000000
178176,178176,0.000000
179200,179200,0.000000
180224,180224,0.000000
181248,181248,0.000000
182272,182272,0.000000
183296,183296,0.000000
184320,184320,0.000000
185344,185344,0.000000
186368,186368,0.000000
187392,187392,0.000000
188416,188416,0.000000
189440,189440,0.000000
190464,190464,0.000000
191488,191488,0.000000
192512,192512,0.000000
193536,193536,0.000000
194560,194560,0.000000
195584,195584,0.000000
196608,196608,0.000000
197632,197632,0.000000
198656,198656,0.000000
199680,199680,0.000000
200704,200704,0.000000
201728,201728,0.000000
202752,202752,0.000000
203776,203776,0.000000
204800,204800,0.000000
205824,205824,0.000000
206848,206848,0.000000
207872,207872,0.000000
208896,208896,0.000000
209920,209920,0.000000
210944,210944,0.000000
211968,211968,0.000000
212992,212992,0.000000
214016,214016,0.000000
215040,215040,0.000000
216064,216064,0.000000
217088,217088,0.000000
218112,218112,0.000000
219136,219136,0.000000
220160,220160,0.000000
